name,category,description,price_level
"C'sons Restaurant, Chalakudy",restaurant,Spacious family restaurant with both indoor air-conditioned seating and regular dining space. Usually busy during lunch and dinner hours but comfortable for groups and family meals.,medium
"Indian Coffee House, Chalakudy",cafe,"Classic café with simple seating and a calm atmosphere. Footfall is moderate throughout the day, making it suitable for casual conversations and quick meals.",low
"Cafe Adda, Chalakudy",cafe,"Modern café with comfortable indoor seating, soft lighting and a relaxed ambience. Popular among students and young adults during evenings but quieter on weekday afternoons.",medium
Dream World Water Park,activity,"Large outdoor water park with pools and water rides for families and groups. Crowds increase on weekends and holidays, creating a lively and energetic environment.",medium
Silver Storm Amusement Park,activity,"Popular amusement park with thrill rides, family attractions and food stalls. Usually crowded during weekends with an energetic atmosphere and plenty of outdoor activities.",high
Athirappilly Waterfalls,nature,Scenic waterfall surrounded by forest with walking paths and multiple viewpoints. Visitor numbers are moderate on weekdays but become heavy during weekends and tourist seasons.,low
Charpa Waterfalls,nature,Small roadside waterfall where visitors stop for short breaks and photos. Open outdoor setting with flowing water and varying crowd levels depending on the season.,low
Thumboormuzhi Dam & Butterfly Garden,park,"Peaceful riverside park with gardens, walking paths and a hanging bridge. Ideal for relaxed walks, photography and family outings with moderate visitor traffic.",low
Peringalkuthu Dam Viewpoint,nature,Quiet viewpoint overlooking the reservoir and surrounding hills. Mostly visited by nature lovers looking for peaceful scenery and fresh air.,low
Kerala Kalamandalam Campus,cultural,Cultural campus with open green spaces and traditional architecture. Calm environment suitable for leisurely walks while experiencing Kerala's performing arts heritage.,low
"Hotel Aswathy, Chalakudy",restaurant,Popular local restaurant serving traditional Kerala meals in a spacious dining hall. Frequently busy during meal times with fast service and a family-friendly atmosphere.,medium
"Dosa Plaza, Chalakudy",restaurant,Casual dining restaurant offering a wide variety of dosas with comfortable indoor seating. Moderate crowd throughout the day and suitable for small groups.,medium
"Cafe Coffee Day, Koratty",cafe,"Branded coffee shop with cushioned seating, air conditioning and free Wi-Fi. Usually attracts students, professionals and couples looking to spend time indoors.",medium
Koratty Muthy Church Grounds,outdoor,"Spacious church campus with landscaped surroundings and open seating areas. Peaceful environment outside festival periods, suitable for quiet evening walks.",free
Chalakudy River Walk,walking trail,"Open riverside walking stretch with fresh air and scenic views. Generally quiet during mornings, while evenings attract walkers, joggers and families.",free
"Sobha City Mall Food Court, Thrissur",food court,"Indoor food court with multiple cuisine options and ample seating. High footfall during weekends, offering a lively environment for groups with different food preferences.",medium
Fun Tura Indoor Play Zone,activity,"Indoor entertainment venue featuring arcade games and family activities. Bright, energetic atmosphere with moderate to high crowd levels during evenings and holidays.",medium
"Marine World Aquarium, Chavakkad",activity,"Large indoor aquarium with themed exhibits and walking paths. Visitor traffic is moderate on weekdays and higher during school vacations, making it suitable for families and children.",medium
Snehatheeram Beach,beach,"Wide sandy beach with open seating areas, food stalls and sunset views. Calm during weekday mornings but becomes lively in the evenings and on weekends.",low
"Puzhakkal River Walk, Thrissur",walking trail,Well-maintained riverside walkway with benches and landscaped surroundings. Popular among walkers and families during evenings while remaining peaceful early in the day.,free
